{
    "restartPoint": {},
    "restartBot": {},
    "userAgent": {},
    "keyCommand": "",
    "namecreator": "Aditmadzs",
    "autoAdd": false,
    "autoJoin": false,
    "autoReject": false,
    "autoLeave": true,
    "autoRead": false,
    "server": {},
    "changePicture": false,
    "changeGroupPicture": false,
    "autoJoinTicket": false,
    "Img": {},
    "Images": {},
    "Addimage": false,
    "ADITMADZSAdmin": {},
    "ADITMADZSGfoto": {},
    "ADITMADZSSDadmin": false,
    "ADITMADZSSDstaff": false,
    "ADITMADZSSadmin": false,
    "ADITMADZSSstaff": false,
    "ADITMADZSStaff": {},
    "ADITMADZSautojoin": true,
    "ADITMADZSautoread": false,
    "ADITMADZSautoscan": false,
    "ADITMADZSblacklist": {},
    "ADITMADZSdblacklist": false,
    "ADITMADZSfoto": {},
    "ADITMADZSgreet": {},
    "ADITMADZSlimit": 1,
    "ADITMADZSmessage": "Hallo...",
    "ADITMADZSmessage1": "ADD ME http://line.me/ti/p/~rahmatullah98",
    "ADITMADZSprotcancel": {},
    "ADITMADZSprotinvite": {},
    "ADITMADZSprotkick": {},
    "ADITMADZSprotqr": {},
    "ADITMADZSreadMember": {},
    "ADITMADZSreadPoint": {},
    "ADITMADZSwblacklist": false
}
