{
    "Mentiongift": false,
    "Mentionkick": true,
    "Respontag": "Yang suka tag tag aim I LOVE YOUUUU..??",
    "Talkblacklist": {},
    "Talkdblacklist": false,
    "Talkwblacklist": false,
    "addadmin": false,
    "addbots": false,
    "addstaff": false,
    "admin": {},
    "autoAdd": true,
    "autoJoin": true,
    "autoJoinTicket": false,
    "autoLeave": false,
    "autoLeave1": false,
    "blacklist": {
        "u2b2e60930f1365f0806c7d0a6898cc93": true,
        "u705189478e7afd24a601fd25827e6b15": true,
        "u95c8e413504a86daca6ee8e8b5a739d9": true,
        "u9acda593a639b8b3dbb50b34305354ce": true,
        "ub3c2810ee372305631758bd937deb517": true
    },
    "bots": {},
    "comment": "Like like & like by Aditmadzs",
    "contact": false,
    "dblacklist": false,
    "delladmin": false,
    "dellbots": false,
    "dellstaff": false,
    "detectMention": true,
    "leave": "See You Next Time Kk Semoga Bahagia Di Luar sana Yaaa??",
    "limit": 1,
    "mention": "Nahh sisitipi aja kk,,,masuk sini chat biar ramai hihihihi????",
    "message": "Thanks For Add Me (^_^)\n\n Salam kenal dan SALKOMSEL Yaaa",
    "owner": {},
    "selfbot": true,
    "staff": {},
    "sticker": false,
    "talkban": false,
    "unsend": true,
    "wblacklist": false,
    "welcome": "Selamat datang dan wolcome kk semoga betah yaa di",
    "welcomeOn": true
}