{
    "Admin": {
        "u011ac3c255b5caa6c75dd096575e4c11": true
    },
    "AdminDel": false,
    "Adminadd": false,
    "AutoReject": false,
    "AutoRespon": true,
    "AutojoinTicket": false,
    "BackupBot": true,
    "Ban": false,
    "Blacklist": {},
    "Contact": false,
    "ContactAdd": {},
    "Copy": false,
    "GName": "ARIFISTIFIK",
    "Gift": false,
    "IDSticker": false,
    "Invite": false,
    "KickOn": false,
    "KickRespon": false,
    "KillOn": false,
    "Leave": true,
    "LvText": "s\u1d00\u1d0d\u1d18\u1d00\u026a \u1d0a\u1d1c\u1d0d\u1d18\u1d00 \u029f\u1d00\u0262\u026a \u1d0b\u1d00\u1d21\u1d00\u0274 \ud83d\ude22\ud83d\ude22",
    "MentionText": "Ngapain Tag Tag Di Room..???Kalau Kangen Pm an Di Sini Aja\ud83d\ude06\ud83d\ude06",
    "Mic": false,
    "MicDel": false,
    "PesanAdd": "\u1d0b\u1d07\u0274\u1d00\u1d18\u1d00 \u0299\u1d00\u0280\u1d1c s\u1d07\u1d0b\u1d00\u0280\u1d00\u0274\u0262 \u1d0b\u1d00\u1d0d\u1d1c \u1d00\u1d05\u1d05 \u1d00\u1d0b\u1d1c? \ud83d\ude05\ud83d\ude05",
    "ROM": {
        "c9cfa26c307a19381d9707cbbb206ac75": {}
    },
    "SpamInvite": false,
    "Steal": false,
    "Timeline": false,
    "Unban": false,
    "UnsendPesan": true,
    "Upfoto": false,
    "UpfotoBot": false,
    "UpfotoGroup": false,
    "WcText": "\ns\u1d07\u029f\u1d00\u1d0d\u1d00\u1d1b \u1d05\u1d00\u1d1b\u1d00\u0274\u0262 \ud83d\ude03\ud83d\ude03\n\u028f\u1d1c\u1d0b \u1d0d\u1d1c\u029f\u1d00\u026a \u1d0b\u1d07\u0274\u1d00\u029f\u1d00\u0274 s\u1d00\u1d0d\u1d00 \u028f\u1d00\u0274\u0262 \u029f\u1d00\u026a\u0274\ud83d\ude05",
    "Welcome": true,
    "autoAdd": true,
    "autoBlock": false,
    "autoJoin": true,
    "autoRead": false,
    "limit": 1,
    "readMember": {
        "c9cfa26c307a19381d9707cbbb206ac75": ""
    },
    "readPoint": {
        "c9cfa26c307a19381d9707cbbb206ac75": "8512876857681"
    },
    "readTime": {
        "c9cfa26c307a19381d9707cbbb206ac75": "21:14:17"
    }
}