{
          "AddMention": true,
          "Admin": {
                    "u65224f4e8812136f01b25275a54b5aef": true,
                    "ud296655acef67cbd5e8208e63629f78b": true
          },
          "AdminDel": false,
          "Adminadd": false,
          "AutoReject": false,
          "AutoRespon": true,
          "AutojoinTicket": false,
          "BackupBot": true,
          "Ban": false,
          "Blacklist": {
                    "u011ac3c255b5caa6c75dd096575e4c11": true,
                    "u50a9fdd42a2352e59ab27581169d3a14": true
          },
          "Contact": false,
          "ContactAdd": {},
          "Copy": false,
          "GName": "SAHARA",
          "Gift": false,
          "IDSticker": false,
          "Invite": false,
          "KickOn": false,
          "KickRespon": false,
          "KillOn": false,
          "Leave": true,
          "MentionText": "Ngapain Tag Tag Kk..???Kalau Kangen Pm Aja😆😆",
          "Mic": false,
          "MicDel": false,
          "PesanAdd": "ᴋᴇɴᴀᴘᴀ ʙᴀʀᴜ sᴇᴋᴀʀᴀɴɢ ᴋᴀᴍᴜ ᴀᴅᴅ ᴀᴋᴜ? 😅",
          "ROM": {},
          "SpamInvite": false,
          "Steal": false,
          "Timeline": false,
          "Unban": false,
          "UnsendPesan": true,
          "Upfoto": false,
          "UpfotoBot": false,
          "UpfotoGroup": false,
          "UpfotoGrup": false,
          "WcText": "\nsᴇʟᴀᴍᴀᴛ ᴅᴀᴛᴀɴɢ 😊😊😊\nʏᴜᴋ ᴍᴜʟᴀɪ ᴋᴇɴᴀʟᴀɴ sᴀᴍᴀ ʏᴀɴɢ ʟᴀɪɴ😅",
          "Welcome": true,
          "WvText": "sᴀᴍᴘᴀɪ ᴊᴜᴍᴘᴀ ʟᴀɢɪ ᴋᴀᴡᴀɴ 😘",
          "autoAdd": true,
          "autoBlock": false,
          "autoJoin": true,
          "autoRead": false,
          "limit": 1,
          "readMember": {},
          "readPoint": {},
          "readTime": {}
}