{
    "Mentiongift": true,
    "Mentionkick": true,
    "Respontag": "KENAPA TAG TAG NAKSIR YAA SAMA AIM",
    "Talkblacklist": {},
    "Talkdblacklist": false,
    "Talkwblacklist": false,
    "addadmin": false,
    "addbots": false,
    "addstaff": false,
    "admin": {},
    "autoAdd": true,
    "autoJoin": true,
    "autoJoinTicket": false,
    "autoLeave": false,
    "autoLeave1": false,
    "blacklist": {},
    "bots": {},
    "comment": "Like like & like by Aditmadzs",
    "contact": false,
    "dblacklist": false,
    "delladmin": false,
    "dellbots": false,
    "dellstaff": false,
    "detectMention": false,
    "leave": "See You Next Time Kk Semoga Bahagia Di Luar sana Yaaa??",
    "limit": 1,
    "mention": "Nahh sisitipi aja kk,,,masuk sini chat biar ramai hihihihi????",
    "message": "Thanks For Add Me (^_^)\nI am just bot!\nType help in your group to see commands\n\n??Creator : http://line.me/ti/p/~adit_cmct\n\n-AUTO ADD CHAT-",
    "owner": {},
    "selfbot": true,
    "staff": {},
    "sticker": false,
    "talkban": false,
    "unsend": true,
    "wblacklist": false,
    "welcome": "Selamat datang dan wolcome kk semoga betah yaa di sini..!!!",
    "welcomeOn": true
}