{
    "Admin": {
        "ue1d6a794435130d139f9c5dde19aa9e5": true,
        "u4862fe4b182b2fd194a3108e2f3662e8": true
    },
    "AdminDel": false,
    "Adminadd": false,
    "AutoReject": false,
    "AutojoinTicket": true,
    "BackupBot": true,
    "Ban": false,
    "Blacklist": {},
    "Contact": false,
    "ContactAdd": {},
    "Copy": false,
    "GName": "【さัএπัஞ✵ບิथℓℓҨतΩ】",
    "Gift": false,
    "IDSticker": false,
    "Invite": false,
    "KillOn": false,
    "Leave": false,
    "Mic": false,
    "MicDel": false,
    "PesanAdd": "Terima Kasih Sudah Add Saya",
    "ROM": {
        "ca1f5f9361386320256158f49bda4bb7e": {}
    },
    "Steal": false,
    "Timeline": false,
    "Unban": false,
    "UnsendPesan": false,
    "Upfoto": false,
    "UpfotoGroup": false,
    "WcText": "Welcome My Friend",
    "Welcome": true,
    "WvText": "See You My Friend",
    "autoAdd": true,
    "autoBlock": false,
    "autoJoin": true,
    "autoRead": false,
    "detectMention": true,
    "kickMention": false,
    "readMember": {
        "ca1f5f9361386320256158f49bda4bb7e": ""
    },
    "readPoint": {
        "ca1f5f9361386320256158f49bda4bb7e": "8178036848553"
    },
    "readTime": {
        "ca1f5f9361386320256158f49bda4bb7e": "19:02:54"
    }
}
