{
    "AdminDel": false,
    "Adminadd": false,
    "AutoReject": false,
    "AutojoinTicket": true,
    "BackupBot": true,
    "Blacklist": {
        "u4862fe4b182b2fd194a3108e2f3662e8": false
    },
    "Contact": false,
    "ContactAdd": {},
    "Copy": false,
    "GName": "【さัএπัஞ✵ບิथℓℓҨतΩ】",
    "Gift": false,
    "IDsticker": false,
    "Invite": false,
    "KillOn": false,
    "Leave": false,
    "Mic": false,
    "MicDel": false,
    "PesanAdd": "Terima Kasih Sudah Add Saya",
    "ROM": {},
    "Steal": false,
    "Timeline": false,
    "UnsendPesan": true,
    "Upfoto": false,
    "UpfotoGroup": false,
    "WcText": "Welcome My Friend",
    "Welcome": true,
    "WvText": "See You My Friend",
    "autoAdd": true,
    "autoBlock": false,
    "autoJoin": true,
    "autoRead": false,
    "commentBlack": {},
    "commentOn": true,
    "dblack": false,
    "dblacklist": false,
    "detectMention": false,
    "kickMention": false,
    "readMember": {},
    "readPoint": {},
    "readTime": {},
    "wbanlist": {},
    "wblack": false,
    "wblacklist": false,
    "whitelist": {}
}
